{
  "project_info": {
    "project_number": "564961795889",
    "project_id": "adi-cla",
    "storage_bucket": "adi-cla.firebasestorage.app"
  },
  "client": [
    {
      "client_info": {
        "mobilesdk_app_id": "1:564961795889:android:304e80984ee2bc9a37da10",
        "android_client_info": {
          "package_name": "com.app.adicla"
        }
      },
      "oauth_client": [],
      "api_key": [
        {
          "current_key": "AIzaSyAb_RjlZTtBuTSdv7haY1moLrhBfgESByQ"
        }
      ],
      "services": {
        "appinvite_service": {
          "other_platform_oauth_client": []
        }
      }
    }
  ],
  "configuration_version": "1"
}