{"flutter":{"platforms":{"android":{"default":{"projectId":"adi-cla","appId":"1:564961795889:android:304e80984ee2bc9a37da10","fileOutput":"android/app/google-services.json"}},"ios":{"default":{"projectId":"adi-cla","appId":"1:564961795889:ios:8f4c01277b11789637da10","uploadDebugSymbols":false,"fileOutput":"ios/Runner/GoogleService-Info.plist"}},"dart":{"lib/firebase_options.dart":{"projectId":"adi-cla","configurations":{"android":"1:564961795889:android:304e80984ee2bc9a37da10","ios":"1:564961795889:ios:8f4c01277b11789637da10"}}}}}}